{"0": 99.1086196899414, "1": 125.56764221191406, "2": 71.72281646728516, "3": 79.15312957763672, "4": 112.55480194091797, "5": 95.485107421875, "6": 120.87000274658203, "7": 102.2167739868164, "8": 3.9793968200683594, "9": 102.45683288574219}